Row Labels,ABRVER,ALOAES,ALOPSE,ALOSAP,ALOSSP,AMMOSP,AMPHIP,ANALUP,ANCHEP,ANCHSP,ANCMIT,ANGORD,ANGROS,ANTHOZ,ANTRAD,APHFAM,AR,ARCIS2,ARCISL,ARGFAM,ARGSIL,ARGSTR,ARTESP,ARTHRO,ASCIDI,ASPMON,ASTERO,ASTGUT,ASTRS1,ATHFAM,BAICHR,BALFAM,BELFAM,BIVALV,BLEFAM,BOTFAM,BRETYR,BROBRO,BRYOZO,CALFA3,CANFAM,CAPFA1,CARFAM,CENSTR,CENTS1,CEPCHO,CEPHAL,CHAETO,CHLAGA,CHONDR,CIRRIP,CITARC,CLUFAM,CLUHAR,CNIDAR,CONFAM,CONOCE,COPEPO,COTFAM,CRAFAM,CRUEGG,CRULAR,CRUSHR,CRUSTA,CRYMAC,CTENOP,CUMACE,CYCFAM,CYCLUM,CYNREG,DECAPO,DECCRA,DECLAR,DECPUN,DECSHR,DIPFOR,ECHIN1,ECHINO,ECHINT,EMPTY,ENCCIM,ENGFAM,ETRMIC,ETROSP,ETRTER,EUPFAM,FISEGG,FISLAR,FISOTO,FISSCA,GADFAM,GADMOR,GADORD,GAMMAR,GASACU,GASFAM,GASTRO,GLYCYN,GOBFAM,HEMAME,HIPERE,HIPHIP,HIPPLA,HIPPSP,HOLOTH,HOMAME,HYDROZ,HYPFAM,ILLESP,ILLILL,ISOPOD,LAGRHO,LARVAC,LEIXAN,LEPPRO,LIMFER,LIMPOL,LIPASP,LOLBRE,LOLISP,LOLPEA,LOPAME,LOPFAM,LUMLUM,LUMMAC,LYCVER,MACAME,MAUWEI,MELAEG,MELATL,MENMEN,MENTSP,MERBIL,MICFAM,MICUND,MISC,MOLLUS,MORSAX,MYCFAM,MYOAEN,MYOOCT,MYOXSP,MYROCE,MYSIDA,MYXFAM,MYXGLU,NAUDUC,NEMATO,NEMSCO,OCTOPO,OPHCRU,OPHFA1,OPHFA2,OPHGRA,OPHIU1,OPHMAR,OSTEIC,OTHER,OTHFIS,OTOOMO,PAGFAM,PANFAM,PARAS1,PARDEN,PAROBL,PECFA1,PECFA2,PENFAM,PEPALE,PEPTRI,PERMIN,PERORD,PETFAM,PHOGUN,PLATYH,PLEAME,PLEFAM,PLEORD,POLVIR,POLYCH,POMSAL,PORIFE,PRICAR,PRIEVO,PTERO,PYCNOG,RAJASP,RAJEGG,RAJEGL,RAJERI,RAJGAR,SALSAL,SCAFAM,SCIFAM,SCOAQU,SCOFAM,SCOMSP,SCOSAU,SCOSCO,SCYFAM,SCYPHO,SEBFAS,SELVOM,SEMTEN,SEPFAM,SERFA2,SHARK,SOLFAM,SQUACA,SQUFAM,STECHR,STOMAT,SYMPLA,SYMPSP,SYNFA1,SYNFA2,SYNINT,SYNKAU,TETFAM,TRAMYO,TRIFA1,TRIMAC,TRIMUR,ULVSUB,UNOBS,URAFAM,UROCHE,UROCHO,UROCHU,UROPSP,UROREG,UROTEN,WORMS,ZOAFAM,(blank)
1973,0,0,0,0,0,0,0,0,0,0,0,0,0,0,0,0,0,0,0,0,0,0,0,0,0,0,0,0,0,0,0,0,0,0,0,0,0,0,0,0,0,0,0,0,0,0,0,0,0,0,0,0,0,0,0,0,0,0,0,0,0,0,0,0,0,0,0,0,0,0,0,0,0,0,0,0,0,0,0,0,0,0,0,0,0,0,0,0,0,0,0,0,0,0,0,0,0,0,0,0,0,0,0,0,0,0,0,0,0,0,0,0,0,0,0,0,0,0,0,0,0,0,0,0,0,0,0,0,0,0,0,0,0,0,0,0,0,0,0,0,0,0,0,0,0,0,0,0,0,0,0,0,0,0,0,0,0,0,0,0,0,0,0,0,0,0,0,0,0,0,0,0,0,0,0,0,0,0,0,0,0,0,0,0,0,0,0,0,0,0,0,0,0,0,0,0,0,0,0,0,0,0,0,0,0,0,0,0,0,0,0,0,0,0,0,0,0,0,0,0,0,0,0,0,0,0,0,0,0,0,0,0,0,0,0
1974,0,0,0,0,0,0,0,0,0,0,0,0,0,0,0,0,0,0,0,0,0,0,0,0,0,0,0,0,0,0,0,0,0,0,0,0,0,0,0,0,0,0,0,0,0,0,0,0,0,0,0,0,0,0,0,0,0,0,0,0,0,0,0,0,0,0,0,0,0,0,0,0,0,0,0,0,0,0,0,0,0,0,0,0,0,0,0,0,0,0,0,0,0,0,0,0,0,0,0,0,0,0,0,0,0,0,0,0,0,0,0,0,0,0,0,0,0,0,0,0,0,0,0,0,0,0,0,0,0,0,0,0,0,0,0,0,0,0,0,0,0,0,0,0,0,0,0,0,0,0,0,0,0,0,0,0,0,0,0,0,0,0,0,0,0,0,0,0,0,0,0,0,0,0,0,0,0,0,0,0,0,0,0,0,0,0,0,0,0,0,0,0,0,0,0,0,0,0,0,0,0,0,0,0,0,0,0,0,0,0,0,0,0,0,0,0,0,0,0,0,0,0,0,0,0,0,0,0,0,0,0,0,0,0,0
1975,0,0,0,0,0,0,0,0,0,0,0,0,0,0,0,0,0,0,0,0,0,0,0,0,0,0,0,0,0,0,0,0,0,0,0,0,0,0,0,0,0,0,0,0,0,0,0,0,0,0,0,0,0,0,0,0,0,0,0,0,0,0,0,0,0,0,0,0,0,0,0,0,0,0,0,0,0,0,0,0,0,0,0,0,0,0,0,0,0,0,0,0,0,0,0,0,0,0,0,0,0,0,0,0,0,0,0,0,0,0,0,0,0,0,0,0,0,0,0,0,0,0,0,0,0,0,0,0,0,0,0,0,0,0,0,0,0,0,0,0,0,0,0,0,0,0,0,0,0,0,0,0,0,0,0,0,0,0,0,0,0,0,0,0,0,0,0,0,0,0,0,0,0,0,0,0,0,0,0,0,0,0,0,0,0,0,0,0,0,0,0,0,0,0,0,0,0,0,0,0,0,0,0,0,0,0,0,0,0,0,0,0,0,0,0,0,0,0,0,0,0,0,0,0,0,0,0,0,0,0,0,0,0,0,0
1976,0,0,0,0,0,0,0,0,0,0,0,0,0,0,0,0,0,0,0,0,0,0,0,0,0,0,0,0,0,0,0,0,0,0,0,0,0,0,0,0,0,0,0,0,0,0,0,0,0,0,0,0,0,0,0,0,0,0,0,0,0,0,0,0,0,0,0,0,0,0,0,0,0,0,0,0,0,0,0,0,0,0,0,0,0,0,0,0,0,0,0,0,0,0,0,0,0,0,0,0,0,0,0,0,0,0,0,0,0,0,0,0,0,0,0,0,0,0,0,0,0,0,0,0,0,0,0,0,0,0,0,0,0,0,0,0,0,0,0,0,0,0,0,0,0,0,0,0,0,0,0,0,0,0,0,0,0,0,0,0,0,0,0,0,0,0,0,0,0,0,0,0,0,0,0,0,0,0,0,0,0,0,0,0,0,0,0,0,0,0,0,0,0,0,0,0,0,0,0,0,0,0,0,0,0,0,0,0,0,0,0,0,0,0,0,0,0,0,0,0,0,0,0,0,0,0,0,0,0,0,0,0,0,0,0
1977,0,0,0,0,0,12.441175,0.027455,0,0,0,0,0,0,0.446128,0,0,1.893063,0,0,0,0,0,0,0,0,0,0,0,0,0,0,0,0,0.345467,0,0,0,0,0,0,3.87272,0.000113,0,0,0,0,1.080472,0.000094,0,0,0,0,0.302812,0,0.282136,0.032402,0,0,0,0.000397,0,0,0,0.121431,0,0.06384,0,0,0,0,0.000019,0.094335,0.000113,0,0.004834,0,0,0,0,0,0,0,0,0,0.38967,0.104248,0,0,0,0.000227,0.831247,0,0,0.09983,0,0,0,0,0,0,0,0,0,0,0,0,0.008251,0.003776,2.255921,0,0,0,0.073697,0,0,0,0,0,0,8.918642,0,0,0,0,0,0,0,0,0,0,0,0,0,0,0,0.071337,0.679057,0,0,0,0,0,0,0,0,0,0,0.000113,0,0,0,0,0.065483,0,0,0,0,0.014974,48.308229,0,0.089218,0.001529,0,0,0,7.571593,0,0,0,0,0,0,0,0,0.000151,0,0,0.299886,0,0.098281,0,0,0,0,0,0,0.803868,0,0,0,0,0,0,0,0,0,0,0,0,0,0,0,0,0,0.032251,0.003493,0,0,0,0,0,0,0,6.053868,0,0,0,0,0,0,0,0,0,0,0,0,0,0,2.146103,0,0.017069,0,0.04898,0,0
1978,0,0,0,0,0,6.712965,0.036497,0,0,0,0,0,0,0,0,0.000936,11.488956,0,0,0,0,0,0,0,0,0,0,0,0,0,0,0,0,4.780764,0,0,0.146738,0,0,0,0.766348,0.052968,0,0,0,0,4.910376,0.002152,0,0,0,0,4.915242,1.914421,0.040147,0,0,0.003556,0,0,0,0,0,0.049224,0,0.218141,0,0,0,0,0.020775,0,0.005241,0,0.005521,0,0,0,0,0,0,0,0,0,0,1.324756,0,0,0,0.053249,0.010013,0,0,0.062794,0,0,0.061858,0,0,0,0,0.12016,0,0,1.001428,0,0.633461,0.020401,2.651758,0,0,0,0.239478,0,0,0,0,0,0,5.416845,0,0,0,0,0,0,0,0,0,0,0,0,4.890911,0,0,0.005241,0.409518,0,0,0,0,0,0,0,0,0,0,0.000094,0,0,0,0,0,0,0.000094,0,2.875327,0,13.829833,0,0.037059,0.132607,0,0,0,27.362541,0,0,0,0.018249,0,0,0,0,0.003837,0,0.000187,0,0,0.253609,0,0,0,0,0,0,0,0,0,0,0,0,0,0,0.539036,0,0,0,0,0,0,0,0,0,0,0,0,0,0,0,0,0,0,0,0,0,0,0,0,0,0,0,0.07,0,0,0,0,1.898979,0,0,0,0,0.005709,0,0
1979,0,0,0,0,0,7.080031,0,0,0,0,0,0,0,0.448267,0,0.005426,16.94078,0,0,0,0,0,0,0,0.061319,0,0,0,0,0,0,0,0.396938,0.439482,0,0.008526,0,0,0,0,0.531978,0,0,0,0,0,27.659996,0.053654,0,0,0,0,1.090739,1.795909,0.006976,0,0,0.005081,0.02954,0.003014,0,0.000172,0,0.060802,0,18.267236,0,0,0,0,0.020067,0.608024,0,0,0.01688,0,0.442841,0,0,0,0,0,0,0,0,0.048229,0,0.011196,0,0.003876,0,0,0,0.024373,0,0,0.235889,0,0,0,0,0,0,0,0,0,0.411923,0.058822,1.977283,0,0.005081,0,0.76158,0,0,0.002067,0,0,0,0,3.769488,0,0,0,0,0,0,0,0,0,0,0,2.92592,0,0,0.339753,0.097232,0,0,0,0,0,0,0.000086,0,0,0,0.000258,0,0,0,0,0,0,0,0,0,0.000172,7.222563,0,0.027645,0.03643,0.038583,0,0,1.714868,0,0,0,0,0,0,0,0.018,0.000258,0,0,0.185852,0,0.234425,0,0.010162,0,0,0.325715,0,0.076132,0,0,0,0,0,0,0,0,0,0,0,2.099835,0,0,0,0,0,0.028937,0,0,0,0,0,0.917978,0,0,0,0,0,0,0,0,0,0,0,0,0,0,0,0,0,0.386,0,0,0,0.029712,0,0
1980,0,0,13.580653,0,0,0.781543,0.000557,0,0,0.006544,0,0,0,2.289561,0,0,6.677718,0,0,0,0,0,0,0,0,0,0,0,0,0,0,0,0,5.932585,0,0,0,0,0,0,10.062246,0,0,0,0,0,0.864738,0,0,0,0,0,0,0,0,0,0,0.000139,0,0.000278,0,0,0,0.026525,0,1.027298,0,0,0,0,0.248749,1.079304,0.000278,0,0.022905,0,0,0,0,0,0,0,0,0,0,0.204958,0,0.001601,0,0.004525,0,0,0,0.657064,0,0,1.671831,0,0,0,0,0,0,0,0,0,0.086536,0.002019,0,0,0,0,1.11474,0.071359,0,0,0,0,0,2.235536,0.667995,0,0,0,0,0,0,0,0,0,0,0,0,0,0,1.244997,0,0,0,0.009747,0,0,0,0.001949,0,0,1.467987,0.00007,0,0,0,0.920433,0,0,0,0,0,0.010721,37.27688,0,0.31057,0.043442,0.516712,3.028428,0,2.321725,0,0.00369,0,0,0,0,0,0,0.005082,0,0,0,0,0.012462,0,1.654914,0,0,0,0,0,0,0,0,0,0,0,0,0.14251,0,0,0,0,0,0,0,0,0,0,0,0,0,0,0,0,0,0,0,0,0,0,0.112713,0,0,0,0,0,0,0,0,1.189232,0,0,0,0,0,0.405949,0,0
1981,0,0.05308,1.334606,0,0,19.968954,0.01376,0,0.028145,0,0,0.04666,0,0.129341,0,0,15.787232,0,0,0.443006,0,0,0,0,0,0,0.001367,0,0,0,0.093826,0,0,4.619201,0,0,0.8916,0,0,0,7.464058,0,0,0,0,0,2.585313,0,0,0,0,0,0,0,0.005201,0,0,0,0.064938,0.000505,0,0,0,0.426749,0,4.612246,0,0,0,0.296516,0,1.37767,0,0,0.080868,0,0,0,0,0,0.083394,0.066781,0,0,0,0,0.048384,0,0,0,1.552632,0,0,0,0,0,0.969555,0,0,0,0,0,0,0,0,0,0,0,4.631475,0,0,0.262249,0,1.248359,0.07427,0,0,0,0,3.16616,0,1.291007,0,0,0,0,0,0,0.001783,0,0,0,0,0.001962,0.093826,0.014652,0.325018,0,0,0,0,0,0,0.064879,0,0,0,0.002794,0,0.007816,0,0.061193,0.016405,0,0,0,0,0,16.933622,0,0,0,0,0.01914,0,0.930058,0,0,0,0.382318,0,0,0,0,0,0,0.075221,0.235977,0,0.252026,0.07115,0,0,0,0,0,0,0,0,0,0,0,0,0.092013,0,0.039438,0,0,5.598207,0,0.017594,0,0,0,0,0,0.142953,0,0,0,0.185661,0,0,0.030493,0,0,0,0,0,0,0,0,0,0,0,0,0,0.033078,0.12417,0.408709,0,0,0.118731,0,0
1982,0,0,0,0,0,11.970783,0.448328,0.014148,0.002021,0,0,0,0,0.071413,0,0,11.31121,0,0,0,0,0,0,0,0,0,0,0,0,0,0,0,0,52.904621,0,0,0.586913,0,0,0,0.325177,0,0,0,0,0,0.825356,0.004978,0,0,0,0,0.371301,0,0.725859,0,0,0.010393,0,0,0,0,0,0.007548,0,2.701048,0,0,0,0,0,2.672141,0,0,0.202375,0,0,0.049243,0,0,0,0,0,0,0,0.294323,0.072137,0.00136,0,0,0.247351,0,0,0.006251,0,0,0.022632,0,0,0,0,0,0,0,0,0,0,0.005489,0.012177,0,0,0,0,0.014422,0,0,0,0,0,0.282721,0,0,0,0,0,0,0.115154,0,0,0,0,0,1.530604,0,0.020249,0.011428,1.220548,0,0,0,0.045438,0,0,0.017878,0,0,0,0,0,0.329369,0,0.011328,0.01154,0,0,0,0,0,9.764224,0,0.022257,0.030579,0,0.109627,0,0.002121,0,0,0,0.203373,0,0,0,0.001447,0,0.006488,0,0,0,0.007386,0,0,0.004329,0,0,0,0,0,0,0.002458,0,0,0,0,0.112509,0.207565,0,0.030654,0,0,0,0,0,0,0,0,0,0,0,0,0.002882,0,0,0,0,0,0,0,0,0,0,0,0,0.002882,0,0,0,0,0,0,0,0,0.011965,0,0
1983,0,0.010001,0,0,0,47.551076,0.085848,0.05502,0,0,0.002255,0.0045,0,0.160753,0,0,4.590328,0,0,0,0,0,0,0,0,0,0,0,0,0,0,0.002809,0,0.394837,0,0,0.161939,0,0.001118,0,0.326589,0,0,0,0,0,0.283369,0.01661,0,0,0,0.002002,0.041267,0,0,0,0.043765,0,0.015006,0.001963,0,0,0.021246,0.014812,0,18.554934,0,0,0,0.77559,0.000253,0.128291,0,0,0.424761,0,0,0,0,0,0,0,0.012042,0,0,0.572005,0,0,0,0,0.272289,0,0,0,0,0,0.007124,0,0,0,0,0,0.025007,0,0.220078,0,0.00275,0,0.594165,0,0,0,0.004169,7.206191,0,0,0,0.002333,0,1.418058,0,0,0,0,0,0,0.213829,0,0.060025,0,0,0,0.425529,0,0,0,0.054203,0,0,0,0.218902,0.030012,0,0.103411,0,0,0,0,0,0.136329,0,0.002614,0,0,0,0,0,0,11.084842,0,0,0.012256,0,0.010419,0.091981,0.49539,0,0,0.079648,0.439175,0,0,0,0,0,0,0,0.033453,0,0.479353,0,0,0,0,0.008339,0,0,0,0,0,0,0,0,0,0.001127,0.661479,0.405148,0,0.050014,0,0.042861,0,0,0,0,0,0,0,0,0,0,0.663734,0.005005,0,0,0,0,0,0,0,0.04602,0,0.002498,0,0,0,0,0,0.129118,0,0,0,0.006133,0,0
1984,0,0.420356,0,0,0,3.445613,0.195404,0,0,0,0.00622,0.619434,0,0.012716,0,0,8.841483,0,0,0,0,0,0,0,0,0,0.020569,0,0,0,0,0,0,0.048778,0.004614,0,1.002148,0.019451,0,0,0.356733,0,0,0,0,0,0.277501,0,0,0,0,0.068078,0.578065,0,0,0,0.039416,0.000923,0,0.01371,0,0,0.278735,0.062833,0.061609,36.093668,0,0,0,0.185536,0.002387,0.787968,0.050038,0,0.339687,0,0,0.003354,0,0,0,0,0,0,0,0.578296,0.11398,0.001109,0,0,1.701337,0,0,0,0,0,0.230135,0,0,0,0,0,0,0.003425,0.012521,0.025653,0,0.003354,0,0,0,0,0.012441,0.257359,0,0,0,0,0,0.106669,0,0,0,0.010205,0,0,4.357474,0,0,0,0,0,1.073953,0,0.137655,0.050978,0.433241,0,0.058077,0,0.07972,0,0,0.033302,0,0,0,0,0,0,0,0.019752,0.000568,0.03064,0,0.075416,0,0,19.211554,0,0.01568,0.0115,0,0.062434,0,0.057456,0,0,0,0,0,0,0,0,0,0.616115,0,0.04309,0,0.03584,0,0,0.00299,0,0,0,0.084387,0,0,0,0,0,0,0,0,8.67664,0,0,6.808623,0,0.019868,0,0,0,0,0,0.090199,0,0.087981,0,0.08712,0.00441,0.017951,0.009575,0,0,0,0,0,0,0.00748,0,0,0,0,0,0,0.000479,0,0.744595,0,0,0.059745,0,0
1985,0,0.029434,0.052327,0,0,0.196421,0.000439,0,0,0,0,0,0.062138,0,0,0,3.312964,0,0,0,0,0,0,0,0,0,0,0,0,0,0,0,0,3.355366,0.015701,0,0.568388,0,0.000195,0,0.079581,0,0,0.003661,0,0,7.223929,0.000293,0,0,0,0.000504,1.649469,0.359748,0,0,0,0.001708,0.012626,0.004442,0,0,6.094735,0.059275,0,2.017385,0,0,0,1.354528,0.005337,0.134267,0,0,0.008835,0,0.062724,0,0,0,0,0.524473,0,0,0,9.064922,0,0.011211,0,0,0.925158,0.183909,0,0,0,0,0.030573,0,0,0,0,0,0.001969,0,0,0,0,0.002636,0.332429,0,0.068533,0,0.007094,0.305468,0.366825,0,0,0,0,4.121037,0,0.016417,0,0,0,0,0.088009,0,0,0,0,0,0.212757,0,0.366061,0,1.44296,0,0.006931,0,0,0,0,0,0,0,0,0,0,0.052473,0,0,0.020127,0,0,0.026163,0,0,30.569151,0,0.004117,0.002018,0,0,0.377548,0.023625,0,0,0,6.14109,0,0,0,0,0,0.209308,0,0.873173,0,0.130817,0,0,0,0,0.029222,0,0.012089,0,0,0,0,0,0,0,0.04481,7.966984,0,0,1.619108,0,4.428832,0,0.001627,0,0.004898,0,0,0,1.089038,0,1.036564,0,0,0.044484,0,0,0,0,0,0,0.016255,0,0,0,0,0,0,0,0.501255,0,0.029434,0,0,0,0
1986,0,0.255944,3.620263,0.944327,0,2.155786,0.02044,0,0,0,13.983647,0.041445,0,0.685622,0,0.006171,8.554601,0,0,0.116478,0,0.045704,0,0,0,0,0,0,0,0,0,0,0,1.61207,0,0,1.879786,0,0,0,0.41615,0,0,0.075412,0,0,0.811946,0,0,0,0,0.011208,1.984821,0.095981,0.024543,0,0,0,0,0.09815,0,0,0.69658,0.027076,0,9.141074,0,0,0,2.10299,0.071495,3.778186,0,0,0.029023,0,0,0,0.192076,0,0,0.710043,0,0,0,0.276884,0.000664,0.00829,0,0,0.271919,0.019427,0,0.333147,0,0.000728,0.01728,0,0,0,0,0,0,0,0.002262,0,0.000185,0.007434,0,0,0.02211,0,0.032141,0.482337,0.063355,0,0,0,0,0.583712,0,0.059987,0,0,0,0,0,0.003082,0,0,0,0.926084,0.852413,0,0,0,0.346353,0,0.052382,0,0.420631,0,0.01143,0,0,0,0,0.000128,0,0.092085,0,0.109123,0.066044,0.017365,0.000749,0.229668,0,0,23.070299,0,0.041559,0.065545,0,0,0.130006,0.57702,0,0.012571,0,0.027425,0,0,0,0,0,0,0,0.095838,0,0.53128,0,0,0,0,0.045889,0,0,0,0,0,0,0,0.002283,0.005829,0.072344,15.360976,0,0.038427,0.095981,0,0.01143,0,0,0,0.006093,0,0,0,0.077745,0,0.003196,0.003268,0,0.020569,0,0,0,0,0,0,0.198112,0,0,0,0,0.002283,0,0,0,0,0.002854,0,0.00274,0,0
1987,0,0.096158,0.001742,0,0,0.336791,0.592983,0,0.048317,0,0,0.191301,0,0.024801,0,0,6.772153,0,0,0,0,0,0,0.013406,0,0,0.001176,0,0,0,0,0,0,4.220476,0,0,0.288628,0,0,0,0.195086,0,0,0,0,0,0.199302,0,0,0,0,0.056987,0.036324,0.067038,0.000392,0,0.046344,0,0,0.002224,0,0,0.16889,0.002519,0.076813,9.637111,0,0,0,0,0,0.044159,0,0,0.009428,0,0,0,0,0,0,0,0,0,0,0.070104,0,0.000103,0,0,0.396907,0,0,0,0,0,0.001491,0,0,0,0,0,0,0,0,0,0.004827,0,0.005585,0,0.358815,0,0.515289,0.238975,0.459524,0,0,0,0,0.414305,0,0,0,0,0,0,0.038439,0,0,0,0,0,2.845215,0,0,0.002674,0.109674,0,0.000951,0,0.055862,0,0,0.00115,0.071389,0,0,0,0,0.002693,0,1.21157,0.281784,0,0,0.008381,0,0,12.145503,0,0,0.021376,0,0.040219,0,10.548761,0,0,0,0.019473,0.008554,0,0,0,0,0.025309,0,0.158762,0,0.067944,0,0,0.033869,0.238975,0,0,0,0,0,0.001677,0,0,0,0,0.033561,42.705778,2.846295,0,0.102598,0,0.113363,0,0,0,0,0,0,0,0,0,0.092353,0,0,0.206461,0.14792,0,0,0,0,0,0.033272,0,0,0,0,0,0,0,0.179893,0,0,0,0.001832,0,0
1988,0,0,0.420145,0,0,0.279507,0.225165,0.044685,0,0,0.24343,0.097112,0,0.00568,0,0,12.140842,0,0,0,0,0,0,0.000626,0,0,0.006757,0,0,0.00267,0,0,0,0.380955,0,0,0.135427,0.014913,0,0,0.219706,0,0,0,0,0,0.61273,0.12171,0,0,0,0.007024,0.908965,0.770868,0,0,0,0,0.017869,0.005441,0,0,1.621652,0.000562,0.023613,53.453279,0,0,0,0,0.005892,1.681701,0,0,0.006785,0,0,0,0,0,0.064367,1.75984,0,0,0,0.321891,0,0.008838,0,0.000064,0.042614,0,0,0,0,0,0.044538,0,0,0,0,0,0,0,0,0,0,0.00012,0.030039,0,0.000506,0,0.034172,0,0.032322,0,0,0,0,2.426627,0,1.378719,0,0,0,0,2.775362,0,0,0,0,0,0.885029,0,0,0,0.714851,0,0,0,0.214229,0,0,0,0,0,0,0,0,0,0,0.007273,0.11464,0,0,0,0,0,7.96335,0,0.010587,0.139367,0,0.332597,0,1.644344,0,0,0,0.037293,0,0,0,0,0,0,0,0.03999,0,0.293472,0,0,0,0,0,0,0.12681,0,0,0,0,0,0,0,0.149917,1.963961,0,0,0,0,0.209976,0,0,0,0,0,0,0,0,0,0,0,0,2.55538,0,0,0,0,0,0,0,0,0,0,0,0,0,0,0,0,0.221207,0,0,0,0
1989,0,0,1.474589,0,0,3.953388,0.023097,0,0.00769,0,0.448581,0,0,0.198661,0,0.035564,2.695097,0,0.018911,0,0,0,0,0,0,0,0.001286,0.062178,0,0.012769,0,0,0,1.898643,0,0.009606,3.761511,0.021352,0.001129,0,0.20286,0,0,0,0.032467,0,0.588804,0.000052,0,0,0,0.034921,3.585462,3.426394,0,0,0,0,0.083018,0.011745,0,0,0.146299,0.00601,0,5.901361,0,0,0,0,0.018648,0.404789,0,0,0.350012,0,0,0,0,0,0.082428,2.736094,0.052611,0,0,0.891205,0,0,0,0,0.84883,0,0,0.04311,0,0,0.410222,0.17454,0.002008,0,0.018911,0,0,0.00458,0,0.152244,0,0.033753,0.013346,0,0.000197,0,0.002402,1.018645,0.091076,0.348162,0,0,0.053228,5.22051,0,0.010682,0,0.01668,0,0,0.212545,0,0,0,0,0,3.714491,0,0,0.011102,2.767262,0,0.074344,0,0,0,0,0.005866,0,0,0,0,0,0.54635,0,0.932766,0.00857,0,0,0.079737,0,0.013583,21.618494,0,0.148845,0.044593,0,0,0.136916,3.276027,0,0,0,0.290039,0,0,0,0,0,0,0,0.058149,0,0.33097,0,0,0.310511,0,0.013176,0,1.010863,0,0,0.068779,0,0,0,0,0.004003,19.920743,0,0,0.149763,0,0.053202,0,0,0,0,0,0,0,0,0,0.145853,0.336272,0,1.094879,0,0,0,0,0,0,0.06521,0,0,0,0,0.290655,0,0,0.489985,0,0.003701,0,0.037506,0.091889,0
1990,0,0,9.132722,0,0,1.078788,0.000174,0.003643,0,0,0.216112,0,0,0.029317,0,0.007444,1.199776,0,0,0,0,0,0,0,0,0.000063,0.00019,0,0,0,0,0,0,0.405521,0,0,0,0,0.000871,0,0.875441,0,0,0,0,0,1.114915,0.002407,0,0,0,0,0.107288,14.259597,0,0,0,0.001045,0,0.001441,0,0,0.858399,0.045867,0,1.929695,0,0,0,0,0.000253,5.573418,0,0,0.037061,0,0.000063,0,0,0,0,0.803536,0,0,0,1.41044,0.010707,0.000269,0,0,0.02154,0.034638,0,0.097817,0,0,0.13236,0,0,0,0,0,0,0,0,0.034765,0,0.027226,0.286893,0,0.000523,0,0.244273,0,0.073442,1.352314,0,0,0,0.057144,0,0,0,0,0,0,12.0626,0,0,0,0,0,2.997444,0,0,0,0.42136,0,0,0,2.373862,0,0,0.002376,0.024058,0,0,0,0,0.020162,0,0.001758,0.030869,0,0,0,0,0.002582,23.391717,0,0,0.023488,0,0,0,2.565647,0,0,0,0.053121,0,0,0,0,0,0,0,0.358324,0,0.220325,0,0,0.053644,0,0.000523,0,0.278705,0,0,0,0,0,0,0,0,12.663502,0,0,0.277153,0,0.04384,0,0,0,0,0,0,0,0,0,0.302953,0,0,0,0.002883,0,0,0,0,0,0.033403,0,0,0,0,0,0,0,0.319282,0,0.005021,0,0,0,0
1991,0,0,0.997044,0,0,0.027359,0.183993,0,0,0,0,0,0,0.82251,0,0,2.688229,0,0,0.047552,0,0,0,0,0.027818,0,0.00633,0,0,0,0.006742,0.009024,0,3.384756,0,0.005619,0,0,0,0,0.42431,0.004438,0,0.000849,0,0,0.900609,0,0,0,0,0.00391,12.775246,4.077396,0.00141,0,0,0,0,0.002729,0,0,0.193613,0.001112,0.022383,19.518178,0.000917,0,0,0.003933,0.012361,0.277778,0,0,0.042839,0,0,0,0,0,0,0.05958,0.066552,0,0,1.708305,0.00696,0.005229,0,0.001055,0.143826,0.014047,0,0.00211,0,0,0.423737,0.022314,0.000252,0.014047,0,0,0.042151,0,0.122039,0.914989,0,0.004598,0.002809,0,0.008588,0,0.006226,0.045752,0.00141,0.087112,0,0,0,1.010884,0.120445,0.04441,0,0,0,0.000998,0.292169,0,0.010538,0,0,0,0.118645,0,0,0.001422,0.639114,0,0,0,0.395953,0,0,0.010824,0,0,0,0,0,0.141578,0,0,0.006972,0,0,0.081642,0,0.044261,31.858691,0,0,0.948322,0,0,0.042151,1.16824,0,0,0,0.05262,0,0,0,0,0,0.028105,0,2.662337,0,0.322739,0,0,0.050786,0,0.025249,0,0.074728,0,0,4.155094,0,0,0,0,0,0,4.766527,0,0.054592,0,0.214769,0,0,0,0.005573,0,0,0,0.005011,0,0.028311,0.0197,0,0.035202,0,0,0,0,0,0,0.108038,0.016156,0,0,0,0,0,0,0.0043,0,0.208669,0,0.048573,0.000986,0
1992,0,0.018048,0.132882,0.008125,0,0.009634,0.013497,0,0,0,0.00081,0.02837,0,0.030945,0,0.008891,5.163165,0,0.021766,0,0,0,0,0,0,0.000455,0.000721,0,0,0,0,0,0,3.73597,0,0,0.630668,0,0,0,0.673467,0,0,0.076153,0,0,0.214796,0,0,0,0,0.051346,13.280581,17.657686,0,0,0,0,0.027116,0.006038,0,0,2.329043,0.004906,0.084788,12.774193,0,0,0.007736,0,0,0.141162,0,0,0.215029,0,0,0,0,0,0,0.25987,0.037627,0,0,0.179522,0,0.003685,0,0.000777,0,0,0,0.257151,0,0,0.42806,0,0,0.02383,0,0,0.018048,0.009124,0.014485,0.124946,0,0.000932,0.000755,0,0.001754,0,0.003119,0,0.034508,0.026783,0,0,0,4.164097,0,0,0,0.000566,0.015861,0.002164,0.088507,0,0,0,0,0,6.447899,0,0,0.04089,0.504534,0,0.06996,0,0.351363,0,0,0.00717,0,0,0,0.000022,0.000144,0.131328,0,0.62725,0.072457,0,0.00141,0.019824,0,0.058283,17.607151,0,0,0.158477,0,0.057151,0.035407,0.637372,0,0.000799,0,0.3163,0.025096,0,0,0,0,0.019857,0,0.790422,0,0.355736,0,0.009856,0.071969,0,0.002253,0,0.01605,0,0,0,0,0,0.003019,0.605528,0.068317,3.322129,1.990956,0,1.306633,0,0.005206,0.027671,0,0,0.002453,0,0,0,0.016127,0,0.270825,0.008813,0,0.485444,0.002275,0,0,0,0,0.024607,0.04705,0,0,0,0,0,0,0,0.250292,0,0.02867,0.01232,0.041079,0,0
1993,0,0.00164,0.001914,0,0,0.024172,0,0,0,0,0.006674,0.046334,0.005098,0.181896,0,0.003458,2.184199,0,0,0,0,0,0,0.001914,0,0,0,0,0,0.003217,0,0,0,4.872481,0,0.048457,0.132618,0,0,0,0.759798,0,0,0,0,0,1.604866,0,0,0,0.000418,0.005275,7.745746,12.940107,0.001962,0,0.057271,0,0.158737,0.007253,0,0,0.112885,0.019701,0.002991,9.367563,0,0,0.04204,0,0.000193,0.513941,0,0,0.135465,0.034851,0.000836,0,0,0,0.000257,0.001817,0,0,0,0.170429,0.305026,0.019331,0,0.000064,0.065344,0,0,1.050831,0,0.000965,0.016324,0.001351,0,0.101144,0,0,0.090884,0,0.026311,0.063366,0.024221,0.081893,0.112113,0,0.000064,0,0.080993,0.088841,0.138183,0.126362,0,0,0.0023,4.862847,0,0.013027,0,0.080076,0.00587,0.001013,0.959079,0,0,0,0,0,1.98138,0,0,0.0023,0.660117,0,0.002155,0,0.105664,0,0,0,0,0,0,0.006385,0.113142,0.108366,0,0.031297,0.007414,0,0.002589,0,0,0.027196,23.857549,0,0,0.111888,0,0.129531,0.40892,0.891258,0,0,0,8.07348,0,0,0,0,0,0.210909,0,0.09981,0,0.480601,0,0,0.312118,0,0,0,0.229614,0,0,0.038566,0,0,0,0.467059,0,1.401725,0.413263,0,1.769988,0,0.057432,0.000515,0,0,0.002847,0,0.032214,0,0.02258,0,1.197088,0.051851,0.017611,0.730286,0.002573,0,0,0,0,0,6.139738,0,0,0,0,0,0,0,0.15158,0,0.022307,0,0.105149,0.005645,0
1994,0,0,0,0,0,0,0,0,0,0,0,0,0,1.072299,0,0.03046,6.438254,0,0,0,0,0,0,0,0.005141,0.000725,0,0,0,0,0,0,0,3.898471,0,0.008221,0,0,0,0,0.610012,0.032792,0,0.198815,0,0,0.670252,0,0,0,0,0.874933,5.196308,11.787631,0,0,0,0,0,0.023621,0,0,0.097449,0.019544,0.075142,14.92275,0,0.000113,0.115951,0,0.000181,0.561842,0,0,0.198317,0,0.006364,0,0,0,0.055666,1.199936,0,0,0,7.325189,0.154541,0.017868,0,0.0012,0.131532,0.000068,0,0.059583,0.000747,0.000906,0.543611,0.015377,0,0.044908,0,0,0.040447,0,0,0.080758,0,0.008153,0.280887,0,0.004393,0,0.250858,0.408999,0.023009,0.598507,0,0,0.087914,6.033783,0,0.600885,0,0.012931,0.00111,0.001834,0.375188,0,0,0,0,0,1.797831,0,0,0.060489,0.018706,0,0,0,0.010078,0,0,0.002083,0,0,0,0,0,0.036552,0,2.437238,0.011255,0,0.004529,0,0,0.056526,18.562415,0,0,0.296536,0,0.371496,0.041443,1.958872,0,0.029939,0,0.228573,0,0,0,0.002831,0.000544,0,0,0.421523,0,0.50552,0,0,0.056617,0,0,0,0.036914,0,0,0,0,0,0,0,0.004303,0.048373,0.89921,0,4.867614,0,0.079467,0.001744,0,0,0,0,0.002808,0,0.053152,0,0.236545,0.012161,0,0.729179,0.005458,0,0,0,0,0,0.003103,0,0,0,0,0,0,0,0.280864,0.090474,0.42261,0,0.108047,0,0
1995,0.001464,0.011697,0.007322,0,0,0.014772,0.002416,0,0,0,0.004155,0.003515,0,0.250967,0,0.050797,10.221191,0,0.783012,0,0,0,0,0,0.091344,0,0.041553,0,0,0.011111,0,0,0,2.627426,0,0,0.150196,0.013509,0,0,0.857625,0.144558,0,0,0,0,1.472668,0,0,0,0,0.003094,2.4311,13.984996,0,0,0.072636,0.003606,0.020282,0.018122,0,0,0.065936,0.010635,0.079043,14.674541,0,0.006077,0.001849,0.091966,0,0.976647,0.000476,0,0.038002,0,0,0,0,0,0.053031,1.260197,0.004997,0,0.00454,3.983378,0.024822,0.017921,0,0.003313,0.094602,0,0,0.477807,0,0,0.290598,0,0,0.00659,0,0,0.181901,0,0,0.014534,0.000329,0.069194,0.019587,0,0.001757,0,0.094822,0.014626,0.350035,0,0,0,0.025353,2.740644,0.118143,1.119886,0,0.015688,0.003167,0,1.919776,0.000439,0,0.005547,0,0,0.964126,0,0,0.015505,0.299549,0.019019,0,0,0.107636,0,0,0.148731,0,0,0,0.000018,0,0.385365,0,0.022772,0.022699,0,0.008402,0,0,0.02409,23.15998,0,0.042999,0.878072,0,0.028977,0.014626,2.020621,0,0.0229,0,0.428602,0,0,0,0,0,0.031156,0.010526,0.071977,0,0.146535,0,0,0.001007,0,0.004888,0,0.015852,0,0,0,0,0.420749,0,0.709443,0,0.53049,0.132568,0,5.870882,0.003167,0.120138,0,0,0,0.012887,0,0,0,0.061048,0,0.502702,0.004192,0,0.001831,0.001464,0,0,0,0.00022,0,0.44224,0,0,0.001355,0,0,0,0,0.070165,0.000641,0.041626,0,0.016475,0.001556,0
1996,0,0,0,0,0,0.015048,0,0,0,0,0,0.278499,0,0.0207,0,0,1.492508,0,0,0,0,0,0.000708,0,0,0,0.000409,0,0,0,0,0,0,4.558689,0,0,0.24576,0,0,0,0.211455,0,0,0.268108,0,0,0.917439,0,0,0,0,0.096991,3.241411,5.060327,0.00523,0,0.0137,0,0,0.006796,0,0,0.142477,0.00173,0.190223,18.663645,0.000136,0,0,0,0.004603,0.451386,0,0,0.392826,0,0,0,0,0,0,0.00527,0.006605,0,0.028258,0.459421,0.011017,0.001471,0,0.002029,4.003939,0,0,0.171239,0,0,0.24591,0,0.001471,0,0,0,0,0,0,0.047093,0.000708,0.012148,0.03707,0,0.007054,0,0.002288,0,0.172901,0.040542,0,0,0,1.027354,0,0.082474,0,0,0,0,0.225414,0,0,0,0,0,0.152691,0,0,0.001471,0.159187,0,0,0,0.091312,0,0,0.000477,0,0,0,0.000068,0,0.0726,0,0,0.376961,0,0,0.010078,0,0.012338,33.756679,0.021354,0,0.18622,0,0,0.536638,0.29958,0,0,0,0.175679,0,0,0,0.000054,0,0.014831,0,0.103828,0,0.263082,0,0.020128,0.064797,0,0,0,0.060466,0,0,0,0,0,0,0,0.0137,15.113679,1.212702,0,3.646889,0,0.031486,0,0,0,0.013115,0,0,0,0.011685,0,0.403231,0.003554,0.004739,0.124283,0.001988,0,0,0,0,0,0.018371,0,0,0,0,0.044941,0,0,0.092415,0,0.010228,0,0,0,0
1997,0,0,0.050244,0,0,0.030006,0,0,0,0,0.032299,0.107704,0,0.096591,0,0.014201,8.042414,0,0.002644,0,0,0,0,0.000887,0,0,0.000229,0,0,0,0,0,0,6.17273,0,0,0,0,0.005656,0,0.442341,0,0,0,0,0,3.858841,0,0,0,0.006191,0.068679,6.093947,2.584051,0.002507,0,0,0,0,0.071446,0,0,0.497461,0.002782,0.037695,17.923772,0.000076,0,0,0,0,1.013556,0,0,0.183246,0,0.309415,0,0,0,0,0.003455,0,0,0.910835,0.269657,0.051192,0.001391,0,0.001055,0.037695,0.315988,0,0.522545,0.00214,0,0.090981,0,0,0,0,0,0,0.013406,0,0.022317,0,0.035005,0.272103,0,0.026903,0,3.61063,0.016952,0.026995,0,0,0,0,1.475814,1.237692,0.01177,0,0.015072,0,0,0.017349,0.003134,0,0,0,0,0.486501,0,0,0.005977,0.194176,0,0.001177,0,0.055839,0,0,0.035631,0,0,0,0,0,0.011694,0,0.008591,0.118083,0,0,0.004708,0,0.242127,31.445062,0.01443,0,0.438642,0,0.029318,0.017242,1.440107,0,0.016753,0,1.935963,0,0,0,0,0,0.025466,0,0.020682,0,0.278171,0,0,0.020942,0,0,0.006405,0.156924,0,0.018144,0,0.007322,0,0,0.103531,0.014262,0,4.476189,0.063681,0.352353,0,0.097539,0.021003,0,0,0.002797,0,0,0,0,0,0.101589,0.000749,0,0,0,0,0,0,0,0,0.550916,0,0,0,0,0,0,0,0.191883,0,0.343747,0,0,0,0
1998,0.004079,0,0,0,0,0.082769,0,0,0,0,0,0.158694,0,0.127146,0.000964,0.004148,2.993768,0.237524,0.297553,0,0,0,0,0,0.000314,0,0.002928,0,0,0,0,0,0,4.936209,0,0.007332,0,0,0,0.000337,0.227449,0.000442,0,0.001743,0,0,2.485523,0.000813,0,0,0,0.120522,3.973216,2.886714,0,0,0.38447,0,0.041193,0.014037,0,0,0.189557,0,0.067547,26.042148,0,0,0,0,1.025671,0.336154,0,0,0.111447,0,0.008239,0,0,0,0,0.007239,0.000639,0,0.001882,0.166932,0.001743,0.005659,0,0.000418,0.020126,0.055195,0,0.024623,0,0,0.376417,0,0.00007,0,0,0,0.020928,0,1.254503,0.003521,0.09569,0.015222,0.110169,0,0.00007,0,0.022334,0,0.194611,0.081595,0,0,0,1.473179,0,0.069511,0,0.049675,0,0,0,0,0.017581,0.005113,0,0,0.093947,0,0,0,0.07747,0,0,0,0.7924,0,0,0.001999,0,0,0,0,0,0.036487,0,0.091461,0.016338,0,0.000383,0,0,0.008448,26.770395,0,0,0.566113,0,0.031211,0.329205,0.213796,0,0,0,0.128552,0,0,0,0.052267,0,10.903492,0,0.059645,0,2.15576,0,0,0,0,0.051093,0.000407,0.020323,0,0,0.02188,0,0,0,0.005031,0.010737,4.216363,0.000639,0.016094,0.507874,0,0.215341,0.016094,0,0,0.024843,0,0,0,0,0,1.312615,0.047258,0,0.126855,0,0,0.029096,0,0,0.006705,0.027841,0,0,0,0,0,0,0,0.060679,0.017012,0.085999,0,0.003718,0.000837,0
1999,0,0,0.005365,0,0,0.386551,0.116528,0,0,0,0,0.050084,0,0.004952,0,0.007473,2.105143,0,0.639402,0,0,0,0,0,0,0,0,0,0,0,0,0,0,2.863181,0,0.007163,0,0.028506,0,0,0.056201,0,0,0.002668,0,0,1.217489,0,0,0,0,0.187527,14.654923,9.541255,0,0.019559,0,0,0.086328,0.0274,0,0,0.018512,0.001828,0,11.98658,0,0,0,0,0.012307,1.171768,0,0,0.024408,0,0.023774,0,0,0,0.040857,0,0,0,0.010863,0.091663,0,0.004437,0,0,0.284511,0.238083,0,3.8379,0,0,0.105945,0.012071,0,0,0,0,0.01101,0,0.003243,0.376985,0,0.002697,0.013929,0,0.0144,0,0.000029,0,0.134628,0.009227,0,0,0.008224,1.781632,0,0.074109,0,0,0.002226,0,0.582685,0.013162,0,0,0,0,0.519528,0,0.112843,0.050777,0.021313,0,0,0,0.046959,0,0,0.015108,0,0.004481,0,0,0,0.006824,0,0,0.007664,0,0.003847,0.070586,0,0.288623,20.737076,0,0,0.110913,0,0.119786,0,2.340706,0,0,0,0.392682,0,0,0,0.003582,0,0.29614,0,0.848419,0,0.103528,0,0,0.000929,0,0,0,0.172095,0,0,0.012705,0,0,0,0.535859,0.012617,18.583381,0,0,0.83505,0,0.006146,0.234398,0,0,0.000103,0,0,0,0,0.007768,0,0,0,0,0.000295,0,0,0,0,0,0.00877,0,0,0,0.090263,0,0,0,0.444697,0,0.042331,0,0,0.009816,0
2000,0,0,0,0,0,0.120375,0,0,0,0,0,0,0,0.170574,0,0.002431,1.896066,0,0,0,0.046223,0,0,0,0.010714,0,0.031574,0,0,0,0,0,0,5.8348,0,0.024199,0.359898,0,0,0,0.033058,0.000052,0,0.074687,0,0,0.570957,0,0,0,0,0.052683,9.099128,1.678053,0.084267,0,0,0,0.284799,0.001885,0,0,0.282893,0.00444,0,8.35227,0,0,0,0.070381,0,0.762434,0,0,0.064983,0,0.0017,0,0,0,0.009632,0.009632,0.072338,0,0,3.285055,0,0,0,0,0.355993,0,0,0.018656,0,0,0.033048,0,0,0,0,0,0,0.002915,0,0.051858,0,0.001216,0.073286,0,0.022066,0,0.081403,0,0.270881,0,0,0,0,15.006606,0,0.211132,0,0,0,0,0.002421,0,0,0.002411,0,0,0.675004,0,0,0.003276,0.080363,0,0,0,0.459865,0,0,0,0,0,0,0,0,0.1298,0,0.432596,0,0,0.033336,0,0,0.003338,19.562006,0,0,0.149497,0,0.075398,0,0.92864,0,0,0,0.607271,0,0,0,0,0,0.036303,0,0.440498,0,0.384529,0,0.000597,0.017039,0,0,0,0.020418,0,0,0,0,0,0,0.005048,0.029267,1.080836,0,0.044452,23.092126,0,0.064725,0,0,0,0.027825,0,0,0,0,0,1.565188,0.046605,0,0.070679,0,0,0,0,0,0,0.090459,0,0,0,0.007129,0,0,0,0.060749,0,0.349071,0,0,0,0
2001,0,0,0,0,0,0.014667,0,0,0,0,0.016907,0.102572,0,0.337855,0,0.008982,12.943596,0,0,0,0,0,0,0,0,0,0.000503,0,0,0,0,0,0,2.414798,0,0,0.002013,0,0,0,3.781161,0,0,0.016781,0,0,1.169196,0,0.006038,0,0.015221,0.069111,6.224816,13.913662,0,0,0.203583,0,0,0.040329,0,0,0.44888,0,0.070972,8.675817,0,0,0,0.024127,0,0.384298,0,0,0.056179,0,0,0,0,0,0.051198,0,0.001811,0,0.017108,0.317753,0,0.053261,0,0,0.337779,0,0,0.028857,0,0,0.315187,0,0,0,0,0,0.06194,0,0,0.379266,0,0.003975,0,0,0.000855,0,1.030622,0,0.159908,0.068381,0,0,0,5.658245,0.036203,0.168336,0,0.062846,0,0,0.187205,0,0,0.025058,0.006944,0,0.078545,0,0.120686,0.009158,0.53145,0,0,0,0.107754,0,0,0.148738,0,0,0,0,0.007321,1.844679,0,0.073287,0.082998,0,0.004705,0,0.265448,0.030417,26.513365,0,0,0.031096,0,0.099729,0.13729,2.255468,0.524733,0,0,0.05955,0,0,0.002013,0,0.006038,0,0.000805,0.47195,0,0.394462,0,0.005988,0.002415,0,0,0,0,0,0,0.004529,0,0,0,0,0.01829,0.874488,0,0,2.779396,0,0,0,0,0,0.074369,0,0,0.084734,0.301702,0,0.888199,0,0.016102,0.277097,0,0,0,0,0,0,0.149341,0,0,0,0,0,0,0,0.110673,0,0.695333,0,0.000855,0,0
2002,0,0,0.081394,0,0,0.010342,0,0,0,0,0,0,0,0.193036,0,0,8.180453,0,0.839656,0,0,0,0,0,0,0,0,0,0,0,0,0,0,2.637949,0,0.007368,0,0,0.066182,0,0.276451,0,0.00659,0.091648,0,0,0.602736,0,0.00069,0,0,0.038374,1.5375,15.67663,0,0.009039,0,0,0,0.018526,0,0,0.236862,0.015241,0,8.899399,0,0,0,0.108532,0,0.90719,0,0,0.016096,0,0,0,0,0,0,0,0.089315,0,0.1516,0.135037,0.064763,0,0,0,0.034165,0,0,0.000019,0,0,0.197526,0,0,0,0,0,0.026477,0,0,0.116064,0,0,0,0,0.000923,0,0.18975,0,0.02117,0,0,0,0.030511,13.699969,0.966617,0,0,0,0,0,0.264671,0,0,0,0,0,0.045936,0,0.111972,0,2.382979,0,0,0,0.066445,0,0,0.004218,0,0,0,0,0,0.042408,0,0.014094,0.064316,0,0.000058,0,1.589297,0,14.756309,0,0,0.086954,0,0,0.008135,1.463873,0,0.00452,0,0.276004,0,0,0,0,0,0,0,2.285343,0,0.298185,0,0,0,0,0,0,1.412611,0,0,0,0,0,0,0,0.013569,0.168824,0,0,8.411094,0,0.024649,0,0,0,0.002712,0,0,0,0.087226,0,0.175443,0.000768,0,0.009039,0,0,0,0,0,0,0.198109,0,0,0,0,0,0,0,0.01805,0,9.5304,0,0,0,0
2003,0,0,0.181774,0,0,0,0,0,0,0,0.021322,0.094294,0,0,0,0.028363,5.001177,0.211409,0,0,0,0,0,0,0,0,0,0,0,0.060219,0,0,0,3.11645,0,0.004991,0,0,0,0,0.452087,0,0,0.007579,0,0,0.296895,0,0,0.077299,0,0.045514,0.087465,5.22295,0,0.026256,0,0,0.070993,0.026313,0,0,0.133064,0,0,33.036782,0,0,0,0,0,0.221222,0,0,0.014507,0,0.000721,0,0,0,0,0,0,0,0,0.25271,0.079717,0,0,0.002064,0.033312,0,0,1.157166,0,0,0.015553,0.121173,0,0,0,0,0.009572,0,0,0,0,0,0,0,0.066369,0,0,0,1.212889,0.029381,0,0,0,4.44586,1.551085,0.020502,0,0,0,0,0.036451,0.000947,0.01298,0,0,0,0.018211,0,2.436609,0,4.813522,0,0.015723,0,0,0,0,0,0,0,0,0,0,0.388984,0,0.64069,0.016401,0,0,0,8.491467,0.049544,5.459499,0,0,0.15802,0,0.003068,1.075612,3.219977,0,0,0,0.280635,0,0,0,0,0,0.089685,0,0.016147,0,1.138545,0,0,0.03416,0,0,0,0,0,0,0,0,0,0,0,0.058084,0,0,0,10.998136,0,0.12376,0.027939,0,0,0.011962,0,0,0.038444,0.095185,0,1.013031,1.055025,0.000976,0.307499,0,0,0,0,0,0,0.381447,0,0,0,0,0,0,0,0,0,0.046575,0,0.003111,0.004949,0
2004,0,0,0.003441,0,0,0,0,0,0,0,0,0.242739,0,0.050521,0,0,2.743362,0,0,0,0,0,0,0,0,0,0,0,0,0.001404,0,0,0,0.712382,0,0.001352,0,0,0,0,0.019889,0,0,0,0,0,0.221709,0,0.320486,0,0,0.082504,1.112722,9.838433,0,0.033669,0,0,0,2.181946,0,0,0.163236,0.001317,0,7.773135,0,0,0,0,0,0.320644,0,0,0.018414,0,0.011586,0,0,0,0,0.008005,0,0,0,0.047256,0,0,0,0.000228,0.084242,0,0,0.31622,0,0,2.273034,0,0,0,0,0,0,0,0,0,0,0.01364,0,0,0,0,0,0,0,0,0,0,0,4.504184,0.041305,0.080837,0,0,0,0,0.053909,0,0,0,0,0,1.502424,0,0,0,0.325577,0,0,0,0.003634,0,0,0,0,0,0,0,0,0,0,0,1.236444,0,0,0,22.211756,0.106273,17.117103,0,0,0.259731,0,0,0,2.670618,0,0,0,0.778597,0,0,0,0,0.003423,0,0,0.099602,0,0.038128,0,0,0,0,0,0,0.092405,0,0,0,0,0,0,0,0,3.13726,0,0,12.223217,0,0.010006,0.069023,0,0,0,0,0,0.054751,0,0,1.241184,0,0,0,0,0,0,0,0,0,0,0,0,0,0,0,0,0,0.051328,0,3.207161,0.277215,0.005389,0,0
2005,0,0,0.005349,0.044567,0,0,0.000016,0,0,0,0.176903,0.003967,0,0.140563,0,0,8.962373,0,0,0,0,0,0,0,0.094891,0,0.002065,0,0,0,0,0,0,4.167443,0,0,1.530475,0,0,0,0.024763,0,0,0,0,0,1.604521,0,0,0,0,0.029706,0.220316,3.74411,0,0,0,0,0,0.007203,0,0,1.055649,0.00065,0,10.573317,0,0,0,0,0,0.043706,0,0,0.016227,0,0,0,0,0,0.023235,0.031934,0.125784,0,0.103963,1.762694,0,0,0,0.000016,3.223367,0,0,2.17484,0.000293,0,0.089492,0,0.017869,0,0,0,0.059429,0,0,0.039885,0.004975,0.007105,0.315613,0,0.001382,0,0,0,0.019804,0,0,0,0,4.24744,0,0,0,0,0,0,0,0,0,0.002146,0.002813,0,2.651439,0,0,0.002634,0.263989,0,0,0,0.050518,0,0,0.001398,0,0,0,0,0,0,0,0,1.503306,0,0.000748,0,17.949949,0.000748,1.361376,0,0.029576,0.233226,0,0,0,9.633582,0,0.021918,0,0.009804,0,0,0,0,0,0,0,0.075834,0,0.51541,0,0,0,0,0,0,0.057347,0,0,0,0,0,0,0,0,0.008715,0,0,19.306203,0,0.035267,0.023771,0,0,0.009707,0,0,0,0.02982,0,0.469721,0.034844,0,0.003122,0,0,0,0,0,0,0.982091,0,0,0,0,0,0,0,0.022454,0,0,0,0.008618,0,0
2006,0,0.002176,0,0,0,0.02738,0,0,0,0,0.262809,0.056671,0,0.000129,0,0.001898,3.863956,0,0,0,0,0,0,0,0,0,0,0,0,0,0,0,0,0.941004,0,0,0.059213,0,0,0,0.265839,0,0,0,0,0,0.326787,0,0,0,0,0.005491,5.218136,18.555852,0,0,0,0,0.017015,0.011388,0,0,0.249922,0.000041,2.663763,2.308274,0,0,0,0,0,0.013246,0,0.009212,0.019747,0,0,0,0,0,0.006908,0,0,0,0.421894,0.24675,0.000102,0,0,0.000481,0.057098,0,0,0.00665,0,0,0.015354,0,0,0.03403,0,0,0.046055,0,0,0,0,0.00726,0.632947,0,0,0,0,0.046876,0.01147,0,0,0,0,10.123904,0,0.530091,0.442949,0.042985,0,0,0.03403,0,0,0.000319,0,0,0.07172,0,0.307027,0.002691,0.111634,0,0.001464,0,0,0,0,0.001566,0,0,0,0,0,0.047296,0,0,0,0,0,0,20.448408,0.006935,0.06972,0,0.000766,0.276326,0,0.194322,0.030884,0.765934,0,0,0,2.906988,0,0,0,0,0,0,0,0.197095,0,0.118589,0,0,0.010073,0,0,0,0.018072,0,0,0,0,0,0,0,0,0,0,0,25.613262,0,0.181103,0.006908,0,0,0.003755,0,0,0,0,0,0,0.001532,0,0,0,0,0,0,0,0,0.002766,0,0,0,0,0,0,0,1.006162,0,0.008901,0,0,0,0
2007,0,0.203764,0,0,0,0.040761,0,0,0,0,0.18383,0.004236,0,0.017214,0,0,0.585191,0,0,0,0,0,0,0,0,0,0.023277,0,0,0,0,0,0,0.61067,0,0.03366,0.252665,0,0,0,0.123301,0,0,0,0,0,3.647178,0.000125,0,0.000602,0,0.098113,2.239163,5.425136,0.002346,0.115909,0,0,0.000685,0.000353,0,0,3.667693,0.011691,0.081502,8.077102,0,0,0,0.021201,0,0.131233,0,0,0.012853,0,0.000353,0,0,0,0.006105,0.944836,0.006188,0,0,0.643436,0,0,0,0,2.03733,0,0,0.070372,0,0,0.000914,0,0,0,0,0,0.01765,0,0,0,0,0.062606,0.816988,3.873285,0.562039,0,0,0,0.008306,0.00272,0,0,0,12.640273,0,0,0,0.611272,0,0,0.499682,0,0,0,0,0,0.394613,0,0,0.072365,1.410589,0,0,0,0,0,0,0.075293,0,0,0,0,0,0.083204,0,0.054341,0.000457,0,0,0,24.661779,0.332547,0.05023,0,0,0.086402,0,0.01358,0.362241,10.609089,0,0,0,0.618062,0,0,0,0.014722,0,0,0,0.390688,0,0.219213,0,0,0,0,0,0,2.152159,0,0,0,0,0,0,0,0,0.168173,0,0,4.772168,0,0.006022,0.347207,0,0,0,0,0,0,1.536776,0,2.834986,0,0,0,0,0,0,0,0,0,0.00652,0,0,0,0,0,0,0,0,0,0.271374,0,0.039391,0,0
2008,0,0,0,0,0,2.036018,0.032106,0,0,0,0.059077,0.096048,0,0.055877,0,0.015651,1.725331,0,0,0,0,0,0,0,0,0,0,0,0,0,0.075327,0,0,0.730784,0,0.072607,0.105564,0,0,0,0.327597,0,0,0,0,0.00009,0.078629,0,0,0,0,0,49.414702,15.468256,0,0,0.210708,0.000012,0,0.027528,0,0,1.199622,0.066729,0,8.291449,0,0,0.058921,0,0,0.223118,0,0,0.034215,0,0.021805,0,0,0,0,0.048027,0.000947,0,0,1.066297,0,0.000383,0,0,0.017767,0,0.015562,0.045864,0,0,0.105612,0,0,0,0,0,0.011115,0,0,0,0.058495,0.033963,0.002223,0,0,0,0,0,0.022231,0,0.037427,0,0,3.367977,0,0,0,0,0,0,0.018234,0.002379,0,0,0,0,0.686646,0,0,0.016011,0.061539,0,0,0,0,0,0,0.028798,0,0,0,0,0,0.002667,0,0.045432,0.049285,0,0,0,4.113442,0.011565,0.593624,0,0.004979,0.040069,0,0,0,6.391512,0,0,0,0.359361,0,0,0,0,0,0,0,0.029805,0,0.230626,0,0,0,0,0,0,0,0.424124,0,0,0,0,0,0.10672,0,0,0,0,0.177865,0,0.194355,0.277484,0,0,0,0,0,0,0.206328,0.350547,0,0.276076,0,0.030494,0,0,0,0,0,0,0,0,0,0,0,0,0,0.008371,0,0,0,0,0,0,0
2009,0,0,0,0,0,0.001941,0,0,0,0,0.006696,0,0,0,0,0,1.251093,0,0,0,0,0,0,0,0,0,0,0,0,0,0,0,0,1.095723,0,0.038552,1.133172,0,0,0,0,0,0,0,0,0,0.166405,0,0,0.000144,0,0.004685,0.455279,1.263012,0.012052,0.006026,0,0.003212,0,0.003963,0,0,0.376118,0.000433,0.009642,4.797596,0,0,0,0,0,0.083506,0,0,0.012681,0,0,0,0,0,0.005356,0,0,0,0,0.399857,0,0.000029,0,0,0.037154,0,0,0.047062,0,0,0.255174,0,0,0,0,0,0,0,0,0,0,0.011081,0,0,0,0,0,0,0.134289,0,0,0,0,0.802533,0,3.161875,0,0,0,0,0.027668,0,0,0,0,0,0.232683,0,0,0,0.015293,0,0,0,0.216004,0,0,0.001606,0,0,0,0,0,0,0,1.065108,0.004818,0,0.00011,0,7.757569,0.009712,1.622988,0,0,0.044619,0,0,0,70.673758,0,0.000231,0,0.024097,0,0,0,0,0,0,0.000751,0.212139,0,0.056751,0.108897,0,0,0,0,0,0.371444,0,0,0,0,0,0,0,0,0,0,0,0.325745,0,0.000843,0.090346,0,0,0,0,0,0.021422,0,0,0.003345,0.00349,0,0.002322,0,0,1.245559,0,0,0,0,0,0,0,0,0,0,0,0,0.283333,0.001005,0,0,0,0
2010,0,0,0,0,0,0,0,0,0,0,0,0.01312,0,0.003857,0,0,5.767605,0,0,0,0,0,0,0,0,0,0,0,0,0,0,0,0,3.175882,0,0,5.137885,0,0,0,0.002847,0,0,0,0,0,0.987417,0,0,0,0,0,2.140167,0.217704,0.01193,0,0,0,0.00984,0.172757,0,0,0.715215,0.300749,0,9.642987,0,0,0,0,0.031502,1.179314,0,0,0.165693,0,0.002559,0,0,0,0.018022,0.005551,0.070069,0,2.780627,0.439733,0,0,0,0,0.274833,0,0,0.03107,0,0,0,2.598895,0,0,0,0,0,0,0,0.013769,0,0.190022,0,0,0,0,0.022888,0.214532,0.134659,0,0,0,0,9.267015,0,0,0,0,0,0,0.622979,0,0,0,0,0,1.833543,0,0,0.047758,0.281609,0,0.004109,0,0.044514,0,0,1.029516,0,0,0,0,0,0.089388,0,0.456566,0.008578,0,0.000252,0.015895,20.852938,0.01676,2.503523,0,0.009011,0.604164,0,0,0,13.115762,0,0,0,4.392429,0,0,0,0,0,0,0,0.009011,0,0.097534,0,0.010128,0.012868,0,0,0,0.164107,0,0,0,0,0,0,0,0,0,0,0,0.196366,0,0,0.013913,0,0,0,0,0,4.045905,0,0,0.473218,0,0,0.630404,0,0,0,0,0,0,0.012255,0,0,0,0,0,0,0,0,0,0.170451,0,0.010164,0,2.483663
2011,0,0,0,0,0,0,0,0,0,0,0.228898,0,0,0,0,0,2.672674,0,0,0,0,0,0,0,0,0,0,0,0,0,0,0,0,6.01173,0,0.007062,0,0,0.009677,0,0.664507,0,0,0,0,0,0.427719,0,0,0,0,0,0,11.770324,0,4.099681,0,0,0,0.002485,0,0,0.338749,0.328635,1.332327,2.29526,0,0,0,0,0,0.777147,0,0,0.089144,0,0,0,0,0,0,0,0,0,0.112945,1.818894,0,0,0.001613,0,0.508275,1.656603,0,0.325235,0.037401,0,0.723006,0,0,0,0,0,0,0,0.001526,0.008588,0,0.026373,0,0,0,0,0,0,0.112945,0,0,0,0,3.076679,0,0.052702,0,0,0,0,0,0.07258,1.377967,0,0,0,0.941007,0,0,0.008805,0.223406,0,0,0,1.364802,0,0,0.002964,0,0,0,0,0,0.141192,0,0,0,0,0.008108,0,38.012155,0.9516,0,0,0,0.243632,0,0.138054,0,4.471821,0,0,0,0.402436,0,0,0,0,0,0,0,0,0,0.262376,0,0,0,0,0,0,1.364802,0,0,0,0,0,0,0,0,0,0,2.632396,0.150608,0,0,0,0,0,0.021098,0,0,0,0,0,1.16341,0.025239,0,3.373841,0,0,0,0,0,0,0,0,0,0,0,0,0,0,2.846429,0,0.253353,0,0.027114,0,0
2012,0.52688,0.041871,0,0,0,0.00503,0,0,0,0,0,0,0,0.017491,0,0,1.839707,0,0,0,0,0,0,0,0,0,0,0,0,0,0,0,0,54.885209,0,0,0,0,0,0,0.037345,0,0,0,0,0,0.069501,0,0,0,0,0.004751,0.076601,1.393941,0,0,0,0.014519,0,0.256413,0,0,1.175019,0.005945,0.015076,3.468455,0,0,0,0,0.034744,0.858673,0,0,0.024777,0,0,0,0,0,0.006503,0,0,0,0,1.126115,0,0,0,0,0.167483,0,0.017863,0.261987,0,0,0.000093,0.056668,0,0,0,0,0.008932,0,0.102586,0,0,0.007246,0.004194,0,0.004101,0,0.000717,0.326591,0,0,0,0,0,11.666874,0,0,0,0,0,0,0,0.805429,0.089727,0,0,0,0.521253,0,0,0.15725,0.057106,0,0,0,0.046409,0,0,0.321575,0,0,0,0,0,0.000876,2.159424,0.129806,0.016748,0,0.000451,0,9.154224,0.11684,0.006702,0,0.013709,0.041459,0,0,0,3.178095,0,0,0,0.821912,0.017226,0,0,0,0,0,0,0.000664,0,0.036204,0,0,0,0,0,0,1.484543,0,0,0,0,0,0,0,0,0,0,0,1.219743,0,0.350466,0.025401,0,0,0.010272,0,0,0,0,0,0.517524,0,0,0,0,0,0,0,0,0,0,0,0,0,0,0,0,0,0.017677,0.045454,0.118817,0,0.007113,0,0
2013,0,0,0,0,0.652032,0.198533,0,0,0,0,0,0,0,0,0,2.864022,6.187065,0,0.554218,0,0,0,0,0,0,0,0,0,0,0,0,0,0,1.109889,0,0,0,0,0,0,2.006949,0,0,0,0,0,0.123792,0,0,0,0,0,0.103916,28.187946,0,1.314641,0,0,0,0.001337,0,0,0.646975,0.008311,0,9.295418,0,0,0,0,0,1.841253,0,0,0.105892,0,0,0,0,0,0.02935,0,0,0,0,16.214892,0,0,0,0,0.010578,0,0,0.056782,0,0,0,0,0,0,0,0,0,0,0,0,0,0.064628,0,0,0.000639,0,0,0,0,0,0,0,0,3.73272,0,0,0,0,0,0,0,0,0.72991,0,0,0,0.852192,0,0,0,2.755283,0,0,0,0.006509,0,0,0.074334,0,0,0,0,0,0,0,0.360974,0,0,0,0,8.989191,7.084357,0,0,0,0.002034,0,0,0,1.450638,0,0.592402,0,0,0,0,0,0,0.005521,0.019586,0,0,0,0.297276,0,0,0,0,0,0,0,0,0,0,0,0,0,0,0.060385,0,0,0,0.122281,0,0.099441,0,0,0,0,0,0,0,0.570549,0,0,0.104323,0,0,0,0,0,0,0,0,0,0,0,0,0,0,0,0,0.163022,0,0.348014,0,0,0,0
2014,0,0,0,0,0,0,0,0,0,0,0,0,0,0,0,0,12.585928,0,0,0,0,0,0,0,0,0.007273,0.045428,0,0,0,0,0,0,4.209306,0,0,0,0,0,0,0.081794,0,0,0,0,0,1.062867,0,0,0,0,0,0,8.439182,0,0,0.036337,0,0,0.027871,0,0,1.785887,0,0,28.010807,0,0,0,0,0,0.583041,0,0,0.000909,0,0,0,0,0,0.036337,0,0,0,0,2.793978,0,0,0,0,0.060571,0,0.081794,0.51531,0,0,0,0,0,0,0,0,0,0,0,0,0.001421,0.016904,0.057503,0,0,0,0.041281,0,0.149951,0,0,0,0,8.310766,0,0.025456,0,0,0,0,0,0,0.687706,0,0,0,3.668341,0,0,0,0.02503,0,0,0,0,0,0,0,0,0,0,0,0,0.007358,0,0.012103,0,0,0,0,14.84502,1.295464,0,0,0,0.064719,0,0.040883,0,3.435119,0,0,0,5.16427,0,0,0,0,0,0,0,0.051679,0,0.066424,0,0,0,0,0,0,0,0,0,0,0,0,0,0,0,0,0,0,0.895131,0,0.000455,0,0,0,0.013637,0,0,0.034519,0,0,0.354422,0,0,0,0,0,0,0,0,0,0,0,0,0,0,0,0,0,0.356183,0,0.013637,0,0,0,0
2015,0,0,0,0,0.187864,3.973569,0,0,0,0,0,0,0,0,0,0,2.098604,0,0,0,0,0,0,0,0.069115,0,0,0,0,0,0,0,0,3.444025,0,0,0.650329,0,0,0,0.210755,0,0,0.337208,0,0,8.151915,0,0,0,0,0,18.049066,1.852517,0,0,0,0,0,0.004516,0,0,0.138186,0,0,4.927411,0,0,0,0,0,0.228111,0,0,0,0,0,0,0,0,0,0,0,0,0,0.16763,0,0,0.007837,0,0.001815,0,0,0,0,0,0,0,0,0,0,0,3.414183,0,0.486109,0,0.001815,0.003631,0,0,0.000753,0,0,0,0.242722,0,0,0,0,6.199644,0,0,0,0,0,0,0,0,0,0,0.162582,0,0.101614,0,0,0,0.009652,0,0,0,1.734211,0,0,0,0,0,0,0,0,0.017179,0,0,0.00093,0,0,0,15.227166,0.145979,0,0,0,0,0,0,0,0.505811,0,0,0,0.08687,0,0,0,0,0,0,0,0,0,2.322243,0,0,0,0,0,0,3.706406,0,0,0,0,0,0,0,0,0,0,0,20.678498,0,0,0.03883,0,0,0.006509,0,0,0,0,0,0,0,0,0,0,0,0,0,0,0,0,0,0,0,0,0,0,0,0,0,0.40619,0,0,0,0
